INSERT INTO Artist (NameArt, Member)
VALUES 
('Potato','4'),
('safeplanet', '3'),
('cocktail', '4');
('Bodyslam', '4'),

INSERT INTO Album (NameAlbum, ReleaseYear , PhotoAlbum , NameArt , StyleSong)
VALUES 
('Go…On', '2546', 'goon_JPG', 'Potato', 'pop rock'),
('Safeboys', '2562', 'safe_JPG', 'safeplanet', 'indy pop'),
('The Lords Of Misery', '2557', 'Thelord_JPG', 'cocktail', 'classic rock'),
('Bodyslam', '2558', 'bs_JPG', 'Bodyslam', 'R&B');


INSERT INTO Style (StyleSong)
VALUES 
('pop rock'),
('indy pop'),
('classic rock'),

INSERT INTO Song (NameSong, Lengths, Lyric, NameAlbum, NameArtist)
VALUES 

('ไม่ให้เธอไป', '4.11', 
"จากนาที. . ที่เธอ บอกลาจากฉันไป
เพราะอะไร? เหตุใด?. . ไม่เข้าใจ
ว่าทำไมต้องมาทิ้งกัน. . .
อยากจะดึง. . รั้งเธอ กอดเธอให้เนิ่นนาน
เพื่อให้ความทรงจำของวันวาน
ทำให้เราได้กลับมารักกัน. .
ไม่ให้เธอไป. . ต้องเสียอะไร แค่ไหน ยังไง เท่าไร
เสียเธอไป. . .ไม่รู้จะทนอ้างว้าง ได้นานเท่าไร
ไม่ให้เธอไป. . บอกฉันสักคำ. . แค่ไหนที่เธอต้องการ
ฉันจะทำ. . เพื่อขอให้เธอเปลี่ยนใจ
แค่เพียงเธอไม่ไป. . .รักใคร
ไม่หวังอะไร ให้ใจทั้งใจของเธอ. . มีฉัน
ก็รู้ดีวันนี้. .สายเกินไป
จากนาที. . ที่เธอ บอกลาจากฉันไป
เพราะอะไร? เหตุใด?. . ไม่เข้าใจ
ว่าทำไมต้องมาทิ้งกัน. . .
อยากจะดึง. . รั้งเธอ กอดเธอให้เนิ่นนาน
เพื่อให้ความทรงจำของวันวาน
ทำให้เราได้กลับมารักกัน. .
ไม่ให้เธอไป. . ต้องเสียอะไร แค่ไหน ยังไง เท่าไร
เสียเธอไป. . .ไม่รู้จะทนอ้างว้าง ได้นานเท่าไร
ไม่ให้เธอไป. . บอกฉันสักคำ. . แค่ไหนที่เธอต้องการ
ฉันจะทำ. . เพื่อขอให้เธอเปลี่ยนใจ
แค่เพียงเธอไม่ไป. . .รักใคร
ไม่ให้เธอไป. . ต้องเสียอะไร แค่ไหน ยังไง เท่าไร
เสียเธอไป. . .ไม่รู้จะทนอ้างว้าง ได้นานเท่าไร
ไม่ให้เธอไป. . บอกฉันสักคำ. . แค่ไหนที่เธอต้องการ
ฉันจะทำ. . เพื่อขอให้เธอเปลี่ยนใจ
แค่เพียงเธอไม่ไป. . .รักใคร
ไม่หวังอะไร ให้ใจทั้งใจของเธอ. . มีฉัน
ก็รู้ดีวันนี้. .สายเกินไป"
, 'Go…On', 'Potato'),



('ห้องกระจก', '5.02', 
" วันเวลาล่วงเลย ฉันยังคงติดอยู่ข้างในห้องหนึ่ง
ยังคงว่างเปล่า ยังสะท้อนเรื่องราวฝังใจ
ยังเก็บมันเอาไว้ ไม่อาจจะหนีออกไป

จนเวลาล่วงเลย ฉันยังคอยอยู่
ยังคงลองทบทวน ค้นหาคำตอบ
ที่ตัวฉันนั้นรู้สึก ว่าฉันนั้นคงหยุดมันไม่ไหว
แค่อยากจะหนีออกไป

ลองฉันลอง เพียงจะมอง ลองเพื่อหาทางออก
คงเป็นตัวฉันเองที่ยังติดอยู่ในใจ
อาจจะเป็นเพียงความต้องการ
เพียงจะลอง เรื่องราวที่ต่างไป
คงเป็นฉันที่ยังคงไม่เข้าใจ

เป็นเงาสะท้อนที่เกิดจากดวงตาพาฉันออกไป
ช่วยทำให้ฉันได้เจอกระจกของใจ
เธอมาสะท้อนให้เจอกับความจริง ที่ฉันไม่เข้าใจ
ว่ามีเรื่องราวมากมาย เมื่อเปิดหัวใจ ออกไป

จนเวลาล่วงเลย ฉันยังคอยอยู่
ยังคงลองทบทวน ค้นหาคำตอบ
ที่ตัวฉันนั้นรู้สึก ว่าฉันนั้นคงหยุดมันไม่ไหว
แค่อยากจะหนีออกไป

ลองฉันลอง เพียงจะมอง ลองเพื่อหาทางออก
คงเป็นตัวฉันเองที่ยังคงไม่เข้าใจ
หากว่ามันยังทรมาน คงเป็นวันที่ฉันต้องออกไป
ในวันที่แสงนั้นกระทบใจ

เป็นเงาสะท้อนที่เกิดจากดวงตาพาฉันออกไป
ช่วยทำให้ฉันได้เจอกระจกของใจ
เธอมาสะท้อนให้เจอกับความจริง ที่ฉันไม่เข้าใจ
ว่ามีเรื่องราวมากมาย เมื่อเปิดหัวใจ เปิดหัวใจ ออกไป

เป็นเงาสะท้อนที่เกิดจากดวงตาพาฉันออกไป
ช่วยทำให้ฉันได้เจอกระจกของใจ
เธอมาสะท้อนให้เจอกับความจริง ที่ฉันไม่เข้าใจ
ว่ามีเรื่องราวมากมาย เมื่อเปิดหัวใจ ออกไป

เป็นเงาสะท้อนที่เกิดจากดวงตาพาฉันออกไป
ช่วยทำให้ฉันได้เจอกระจกของใจ
เธอทำให้ฉันทำลายกำแพงที่คอยกักขังฉันเอาไว้
ยังมีเรื่องราวมากมาย เมื่อลองออกไปกับเธอ"
, 'Safeboys', 'Safeplanet'),



('โปรดเถิดรัก','5.23', 
" รู้ดีว่ามันก็จบไปนานแล้ว
แต่ใจยังคงคิดถึง
ใจยังคงต้องการ
รู้ดีว่ามันต้องใช้เวลา
แต่ใจยังคำนึง
ใจยังคงต้องการ
นานเท่าไร
แต่ดูเหมือนว่ามันยังไกล
และดูเหมือนเวลาไม่เคยทำมันให้จาง
บอกหน่อยเถิดรัก
บอกว่าเป็นเช่นไร
ฉันไม่เคยรู้ว่าทำไม
ฉันไม่เคยเข้าใจอะไร
ทำไมเมื่อมีรัก
ฉันจึงต้องช้ำใจ
หากเป็นอย่างนั้นขอได้ไหม
ให้ฉันไม่รักใครอีกเลย
ครั้งหนึ่งฉันเองก็เคยออกตามหา
แต่ว่ามันก็ต้องผิดหวัง
เมื่อปลายทางของฉันนั้นว่างเปล่า
รู้ดีว่าเธอคงไม่ย้อนมา
แต่ฉันยอมทุกอย่าง
ยอมทำทุกทางให้เธอย้อนคืนมา
นานเท่าไร
แต่ดูเหมือนว่ามันยังไกล
และดูเหมือนเวลาไม่เคยทำมันให้จาง
บอกหน่อยเถิดรัก
บอกว่าเป็นเช่นไร
ฉันไม่เคยรู้ว่าทำไม
ฉันไม่เคยเข้าใจอะไร
ทำไมเมื่อมีรักฉันจึงต้องช้ำใจ
หากเป็นอย่างนั้นขอได้ไหม
บอกมาว่ารักคืออะไร
บอกหน่อยได้ไหมเป็นยังไง
บอกมาได้ไหม
นานเท่าไร
นานแค่ไหน
แต่ดูเหมือนว่ามันยังไกล
และดูเหมือนเวลาไม่เคยทำมันให้จาง
บอกหน่อยเถิดรัก
บอกว่าเป็นเช่นไร
ฉันไม่เคยรู้ว่าทำไม
ฉันไม่เคยเข้าใจอะไร
ทำไมเมื่อมีรักฉันจึงต้องช้ำใจ
หากเป็นอย่างนั้นขอได้ไหม
ให้ฉันไม่รักใคร
บอกหน่อยเถิดรัก
บอกว่าเป็นเช่นไร
ฉันไม่เคยรู้ว่าทำไม
ฉันไม่เคยเข้าใจอะไร
ทำไมเมื่อมีรักฉันจึงต้องช้ำใจ
หากเป็นอย่างนั้นขอได้ไหม
ให้ฉันไม่รัก
ฉันยอมทุกอย่างแค่ฉันไม่ต้องรักใคร
เฮ เฮ้ โฮ"
, 'The Lords Of Misery', 'cocktail'),

('งมงาย','4.00',
'เนิ่นนานเท่าไรไม่รู้ที่รอเธอ
ฉันจำไม่ได้
ที่จำได้ดีคือฉันมีเพียงเธอ
แม้นานสักแค่ไหน
เธออยู่ที่ใดยังรักกันไหม ฉันไม่รู้
แต่ที่รู้คือฉันนั้นยังไม่เปลี่ยนใจ
ยังอยู่ตรงนี้ถึงแม้จะเหงาและเดียวดาย
ไม่ผิดใช่ไหมที่ฉันจะยังรักเธอ
ไม่ว่าเธอกับฉันวันนี้จะอยู่แสนไกล
ก็ยังจะรออย่างมีความหวัง
ยังคงไม่เปลี่ยนไป
ไม่ว่าใครจะมองว่าฉันงมงาย
ฉันก็ยังเหมือนเดิม
เมื่อเธอมีทางชีวิตไม่เหมือนฉัน
ฉันห้ามไม่ได้
แต่ฉันจะมีชีวิตเพื่อรอเธอ
แม้วันสุดท้าย
เกิดมาได้เจอคนที่ตามหามานานแสนนาน
ทำให้รู้ว่าเธอมีค่ามากแค่ไหน
จะอยู่ตรงนี้ถึงแม้ว่าฉันจะไม่เหลือใคร
ไม่ผิดใช่ไหมที่ฉันจะยังรักเธอ
ไม่ว่าเธอกับฉันวันนี้จะอยู่แสนไกล
ก็ยังจะรออย่างมีความหวัง
ยังคงไม่เปลี่ยนไป
ไม่ว่าใครจะมองว่าฉันงมงาย
ฉันก็ยังเหมือนเดิม
เฮ้อ
โน โนโน โนโน โนโน
โน โนโน โนโน โนโน
วาฮา
จะรอแค่เธอถึงแม้ใครหาว่างมงาย
ไม่ผิดใช่ไหมที่ฉันจะยังรักเธอ
ไม่ว่าเธอกับฉันวันนี้จะอยู่แสนไกล
ก็ยังจะรออย่างมีความหวัง
ยังคงไม่เปลี่ยนไป
ไม่ว่านานเท่าไรยังมีเพียงเธอ
โอ้ ฮื้ม
ไม่ว่ายังไง
ฮื้ม
ฉันก็จะรักเธอ
ฮืม',
'Bodyslam','Bodyslam'),
('คนดีไม่มีที่อยู่','4.02',
'ในใจมันชาเมื่อเธอบอกกัน
ว่าเธอต้องการให้เลิกไป
ให้ฉันเลิกหล่อหลอม
ความดีได้ไหม
เธอไม่เคยต้องใช้มัน
ก่อนนั้นฉันจะทำดีเท่าไหร่
คนที่ได้อยู่ในใจเธอคือเขา
ละลายหมดเลยใจ
ละลายหมดเลยใจ
เมื่อสิ่งที่ทำเพื่อเธอ
ไม่เคยมีความหมาย
หัวใจหมดแรงเลย
ละลายหมดแล้วใจ
ทำดีแทบตาย
สุดท้ายไม่มีที่อยู่
ฉันเหมือนไม่มีไม่มีที่ไป
จะมองทางไหนก็ร้าวราน
เพราะฉันคิดเสมอว่าเธอมีฉัน
ได้อยู่ในใจของเธอ
ฉันเพิ่งรู้ว่าเป็นได้เพียง
แค่คนดีไม่ใช่คนที่เธอรัก
ละลายหมดเลยใจ
ละลายหมดเลยใจ
เมื่อสิ่งที่ทำเพื่อเธอ

ไม่เคยมีความหมาย
หัวใจหมดแรงเลย
ละลายหมดแล้วใจ
ทำดีแทบตาย
สุดท้ายไม่มีที่อยู่
ละลายหมดเลยใจ
ละลายหมดเลยใจ
เมื่อสิ่งที่ทำเพื่อเธอ

ไม่เคยมีความหมาย
หัวใจหมดแรงเลย

ละลายหมดแล้วใจ

ทำดีแทบตายสุดท้าย
ไม่มีที่อยู่
ละลายหมดเลยใจ
ละลายหมดเลยใจ
เมื่อสิ่งที่ทำเพื่อเธอ
ไม่เคยมีความหมาย
หัวใจหมดแรงเลย
ละลายหมดแล้วใจ
ทำดีแทบตาย
สุดท้ายไม่มีที่อยู่'
,'Potato','Potato')

